,0
0,україна і оае підпишуть угоду про співпрацю мзс заперечив заяву про удар по складу у дубаї день війни
1,цими вихідними україна переходить на літній час коли переводити годинники
2,блокування ормузької протоки допомога україни та переговори трампа все про військові удари ізраїлю та сша по ірану
3,зеленський провів переговори з королем йорданії
4,домогосподарки і лего у перепросили за словом гендиректора про виробників дронів в україні
5,російські війська атакували об єкт критичної інфраструктури у чернігові
6,театри галереї та музеї у львові донори крові отримають безкоштовні квитки
7,знаю що таке втратити дім олександр македонський про повернення в крим службу в зсу і обіцянку сину
8,петиція про присвоєння степану гізі звання герой україни набрала тисяч голосів
9,у сша біля літака трампа помітили невідомий дрон
10,оае вимагають від ірану компенсації збитків заподіяних ударами
11,танкер з нафтою з саудівської аравії пройшов ормузьку протоку
12,у чехії затримали нового підозрюваного у справі про підпал оборонного підприємства
13,у великій британії оскаржують оцінки за танці на льоду на чс з фігурного катання у чому причина
14,зеленський рф робила супутникові знімки бази сша в саудівській аравії за кілька днів до удару
15,у запоріжжі лікують кота бусю який дістав численні опіки через атаку рф січня суспільне тварини
16,вилазили з пожежі через вікно очевидці атаки рф на одесу суспільне відеоновини
17,схема на мільйони в університеті поплавського подробиці після обшуків суспільне відеоновини
18,втратив пам ять після поранення але знову став до служби історія ветерана сергія войцеховського суспільне люди
19,катували депортовували грабували громадян україни які перейшли на бік росії і скоїли воєнні злочини
20,ми показали країнам затоки що дрон сам по собі не працює інтервʼю з керівником української ради зброярів
21,невизнаний патріарх яке місце в українському православ ї посідав філарет
22,угорщина не буде колонією україни чому перед вирішальними виборами орбан приділяє нам стільки уваги
23,п ятьох дітей позбавлених батьківського піклування евакуювали з тот херсонщини
24,капітан тіньового флоту ексклюзивні подробиці листування російського моряка
25,відстрочка через опікунство як мобілізація вплинула на кількість недієздатних в україні
26,бренд російських паралімпійців як в україні продають спортивний одяг путінського бізнесмена
27,білоруські чоловіки вже три дні масово отримують повістки що відбувається
28,капітан тіньового флоту ексклюзивні подробиці листування російського моряка
29,білоруських чоловіків масово призивають на військову службу що відбувається
30,швидкою з виплатами в криптовалюті пов язаний з росією геймер заробляє на ухиленні від призову в україні
31,мільйонів доларів за будинок хто продає найдорожчу елітну нерухомість в україні під час війни
32,ми б розглянули якби не ще тисяч інших проваджень чому справи про воєнні злочини рф застрягають у судах на роки
33,як війна в ірані впливає на взаємини сша із союзниками в європі
34,пачок щоб підтвердити дружбу як посадовці сбу на думку слідчих вимагали хабарі з бурштинового бізнесу
35,український олігарх дмитро фірташ уникнув видачі з австрії до сша де міг сісти за ґрати на років ось його історія
36,гривень для мільйонів українців та кешбек на пальне чи допоможуть ініціативи економіці та звідки взяти кошти
37,березень може стати рекордним за кількістю знищених росіян федоров
38,вдруге за тиждень сбу підтвердили ураження нафтового терміналу в порту усть луга в рф джерело
39,ще одна держава готова приєднатися до угоди про створення спецтрибуналу щодо злочину агресії рф сибіга
40,сили оборони зупинили російський штурм і знищили військову колону яка сподівалася зайти в малу токмачку на запоріжжі
41,танкер з нафтою з саудівської аравії пройшов ормузьку протоку
42,у чехії затримали нового підозрюваного у справі про підпал оборонного підприємства
43,у фінляндії впали два невідомі дрони у міноборони припускають що українські
44,євробачення у азії ймовірно відбудеться цього року
45,пожежа в порту усть луга та удар по промисловому підприємству в тольятті наслідки нічної атаки дронів на рф
46,здетонував дрон рф на нікопольщині через вибух бпла дістали поранення троє людей
47,масове отруєння у садочку у шептицькому районі львівщини госпіталізували десятьох дітей
48,рф вдарила дроном по золочеву на харківщині пошкоджені оселі та енергомережі
49,масована загибель риби у мені екологи з ясовують причину
50,країни балтії закликали нато посилити їхню оборону після падіння українських дронів на їх території
51,зеленський українські виробники вже продають зброю країнам близького сходу втрати можливостей немає
52,українські ракети фламінго уразили завод промсинтез у самарській області рф
53,рубіо заявив що сша можуть перенаправити на близький схід зброю призначену для україни
54,україна та саудівська аравія домовилися про оборонне співробітництво зеленський
55,українець свічкар виборов перше за чотири роки золото кубка світу в чоловічих змаганнях на шпазі
56,один з тих коміків чиї жарти я памʼятаю майже дослівно загинув стендапер та військовий артур петров
57,він був неймовірним форвард швеції дьокереш став першим футболістом в історії що забив хеттрик у ворота україни
58,я перестала рахувати врятовані життя парамедикиня кріс про роботу на фронті та крим суспільне люди
59,кристали з херсона історія про футбол війну та дружбу
60,пілотний випуск як курсанти що вперше за незалежності вчилися на бойових літаках творять історію української авіації
61,дім море гори повернення фотоспогади читачів і читачок суспільного про український крим
62,якби майдан незалежності був людиною що б він розповів лютого року
63,росія вкрала у нас роки життя спецпроєкт суспільне новини про життя на окупованих територіях україни
64,оае вимагають від ірану компенсації збитків заподіяних ударами
65,у великій британії оскаржують оцінки за танці на льоду на чс з фігурного катання у чому причина
66,зеленський рф робила супутникові знімки бази сша в саудівській аравії за кілька днів до удару
67,відкриває світ крижаного серця в парижі
68,фіцо пригрозив заблокувати й пакет санкцій єс проти рф
69,ексміністру агрополітики обрано запобіжний захід у справі про шахрайство з зерном
70,зеленський розповів про запаси дизеля і бензину для армії
71,свириденко заявила про нові кроки для бізнесу в україні
72,країни підтвердили готовність захистити ормузьку протоку але коли на близькому сході завершиться війна
73,у сша біля літака трампа помітили невідомий дрон
74,зеленський україна не погодиться проводити мирні переговори у росії чи білорусі
75,у кремлі заявили про низку цікавих пропозицій від сша щодо закінчення війни в україні
76,за тиждень рф випустила по україні понад тис ударних дронів більш ніж кабів та ракет зеленський
77,підтвердив становище висхідної зірки рекомендував зробити ітауму основним претендентом на пояс чемпіона світу
78,голову робота із фільму зоряні війни продали за мільйон доларів
79,трейлер серіалу про гаррі поттера став найпопулярнішим в історії
80,помер джеймс толкан актор фільмів найкращий стрілець та назад у майбутнє
81,фільм про марʼїнку отримав приз глядацьких симпатій
82,березня в україні не прогнозується відключення світла укренерго
83,уряд виділив ще мільярда гривень на розбудову захисту для об єктів критичної інфраструктури україни
84,у кількох областях березня є нові знеструмлення укренерго
85,уряд виділив фінансування на ще тисячі зарядних станцій для дітей з інвалідністю свириденко
86,сум янка анастасія курашвілі виграла два золота на кубку світу зі спортивної аеробіки
87,троє поранених рф випустила дрон по миколаївській сільській громаді на сумщині
88,призваний на військову службу законно у тцк пояснили мобілізацію доглядальника жінки з інвалідністю
89,у сумах розпочали приймати заявки на поселення у модульне містечко хто має право та які документи потрібні
90,відкритий чемпіонат сумської області з карате які результати
91,оборона лимана костянтинівки фронт на покровському напрямку фронт на донеччині та луганщині березня року
92,у центрі гришиного стрілецькі бої українці блокують просування російських військ зі сходу ув схід
93,в дитинстві війна і на старості війна жителі краматорська розповіли про наслідки обстрілів міста березня
94,російські війська обстріляли олексієво дружківку на донеччині березня двоє травмованих
95,прогноз погоди на початку тижня в харкові та області якими будуть і березня
96,трамвай у харкові не курсуватиме березня а та змінять маршрути
97,вдруге за день березня росіяни вдарили по лютівці на харківщині пошкоджені оселі
98,житель харкова шив підробки і суд зобов язав його заплатити бренду і державі та віддати паль силам оборони
99,у чугуївському районі на авто збили школярку
100,років за реабілітацію нацизму та років за держзраду ситуація із переслідуванням жителів криму за тиждень
101,у криму березня прогнозують рясні дощі та посилення вітру
102,кримського політвʼязня салієва перевели в іншу колонію у тульській області в росії
103,якщо ти не там де маєш бути ті люди швидше за все помруть парамедикиня кріс про фронт життя та битву за крим
104,якою буде погода на херсонщині березня
105,життя продовжується флористка про роботу квіткової крамниці у прифронтовому херсоні
106,через дронову атаку корабельного району херсона травмований чоловік
107,вистрілив у дружину з рушниці у білозерці на херсонщині затримали підозрюваного у вбивстві
108,дрон рф атакував авто у корабельному районі херсона є загибла та поранений
109,через війну з рф втратив понад тисячі гектарів землі історія фермера із запорізької області
110,у запоріжжі врятували собаку який застряг між гаражами й не міг самостійно вибратися ксварс
111,у запоріжжі переселенець із пологівського району створив модель пам ятника нестору махну
112,у запоріжжі горів житловий будинок причина пожежі встановлюється дснс
113,оборона лимана костянтинівки фронт на покровському напрямку фронт на донеччині та луганщині березня року
114,у центрі гришиного стрілецькі бої українці блокують просування російських військ зі сходу ув схід
115,у сша біля літака трампа помітили невідомий дрон
116,російські війська атакували об єкт критичної інфраструктури у чернігові
117,за мир і спокій молимося на тернопільщині відбулася хресна хода
118,оае вимагають від ірану компенсації збитків заподіяних ударами
119,танкер з нафтою з саудівської аравії пройшов ормузьку протоку
120,прогноз погоди на початку тижня в харкові та області якими будуть і березня
121,у чехії затримали нового підозрюваного у справі про підпал оборонного підприємства
122,у великій британії оскаржують оцінки за танці на льоду на чс з фігурного катання у чому причина
123,вийти із зони комфорту біатлоніст жаклен змінить вид спорту на літній підписав контракт із велокомандою
124,зеленський рф робила супутникові знімки бази сша в саудівській аравії за кілька днів до удару
